Roll,Name,Email,CGPA,Allocated
1601CB01,Alok Baranwal,random1@gmail.com,5.81,RM
1601CB03,Amrit Raj,random2@gmail.com,6.73,SK
1601CB04,Aryasomayajula Mrunal Krishna Sarma,random3@gmail.com,7.98,AR
1601CB05,Ashish Kumar,random4@gmail.com,6.6,RH
1601CB08,Ashish Kumar,random5@gmail.com,6.21,RH
1601CB09,August Dubey,random6@gmail.com,9.62,RS
1601CB11,Avinash Kumar,random7@gmail.com,8.77,AM
1601CB12,Arjun Bhandare Balachandra,random8@gmail.com,6.74,CA
1601CB13,Bhavesh Mendhekar,random9@gmail.com,7.11,JC
1601CB14,Busireddy Venkat Dheeraj Reddy,random10@gmail.com,6.74,ABM
1601CB16,Chandan Gupta,random11@gmail.com,8.86,RM2
1601CB17,Chintha Tejeswar Reddy,random12@gmail.com,8.39,RH
1601CB18,Janjarla Rajashekar,random13@gmail.com,9.12,JM
1601CB19,Jay Bhushan,random14@gmail.com,7.97,RS
1601CB20,Jayant Saini,random15@gmail.com,8.72,SKD
1601CB21,Kandadi Venu Madhava,random16@gmail.com,5.97,ST
1601CB22,Karan Kumar Gupta,random17@gmail.com,6.66,AR
1601CB23,Manik Manohar,random18@gmail.com,9.13,RM
1601CB24,Mantavya Agarwal,random19@gmail.com,5.91,SK
1601CE01,Mende Akshay,random20@gmail.com,6.67,SS
1601CE02,Nagudala Manoj Kumar,random21@gmail.com,9.15,SKM
1601CE03,Rahul Dilare,random22@gmail.com,7.75,SM
1601CE04,Rangala Tejeswar Reddy,random23@gmail.com,9.06,JC
1601CE05,Rishabh Shukla,random24@gmail.com,9.26,JC
1601CE06,Saket,random25@gmail.com,8.89,ABM
1601CE07,Sanjib Saikia,random26@gmail.com,6.34,SS
1601CE08,Sarim Kamal,random27@gmail.com,7.08,SKD
1601CE09,Shikhar Choudhary,random28@gmail.com,7.31,SS
1601CE10,Shubhendu Yadav,random29@gmail.com,9.36,SKM
1601CE11,Abhishek Sunil Talele,random30@gmail.com,8.96,CA
1601CE12,Saurabh Dubey,random31@gmail.com,5.62,AM
1601CE13,Vishal Rawat,random32@gmail.com,6.94,MA
1601CE16,Abhimanyu Singh Rathore,random33@gmail.com,6.92,SKM
1601CE17,Anirban Chakraborty,random34@gmail.com,5.57,CA
1601CE18,Subhajit Dey,random35@gmail.com,9.69,RM2
1601CE19,Angshuman Das,random36@gmail.com,9.29,SK
1601CE20,Miss Mukta Shaw,random37@gmail.com,9.12,MA
1601CE21,Khushwant Singh,random38@gmail.com,5.78,JM
1601CE22,Anoop Kumar Panday,random39@gmail.com,8.76,ST
1601CE23,Rajesh Kumar Gautam,random40@gmail.com,8.38,RS
1601CE24,Md Shad Akhtar,random41@gmail.com,9.71,RM
1601CE25,Roshni Chakraborty,random42@gmail.com,6.91,SM
1601CS01,Anita Chandra,random43@gmail.com,6.55,RM2
1601CS02,Dileep Kumar Koshley,random44@gmail.com,8.75,SM
1601CS03,Vikash Kumar Rai,random45@gmail.com,9.3,SS
1601CS04,Sukanta Sen,random46@gmail.com,6.26,AE
1601CS05,Sayantan Mitra,random47@gmail.com,6.81,AE
1601CS06,Suryakanta Panda,random48@gmail.com,6.32,SKM
1601CS07,Niraj Kumar,random49@gmail.com,9.44,ST
1601CS08,Deba Prasad Dash,random50@gmail.com,6.65,JM
1601CS09,Mohammad Irshad,random51@gmail.com,9.34,SM
1601CS10,V Naresh Kumar,random52@gmail.com,8.01,ABM
1601CS11,Mausam Chouksey,random53@gmail.com,5.76,CA
1601CS12,Chandan Kumar Jha,random54@gmail.com,7.24,JC
1601CS13,Pramit Biswas,random55@gmail.com,5.62,AR
1601CS14,Md Akhlaqur Rahman,random56@gmail.com,8.17,JM
1601CS15,Neelam,random57@gmail.com,9.53,CA
1601CS16,Shadab Rabbani,random58@gmail.com,6.29,JC
1601CS17,Sushant Kumar,random59@gmail.com,5.62,AE
1601CS18,Sneha Kumari,random60@gmail.com,8.29,RM2
1601CS19,Debi Pada Jana,random61@gmail.com,8.31,SS
1601CS20,Gaurav Sundaram,random62@gmail.com,6.32,AR
1601CS21,Sujay Kumar Saha,random63@gmail.com,9.49,AM
1601CS22,Debashis Bhowmik,random64@gmail.com,7.86,RH
1601CS23,Ravindra Kumar,random65@gmail.com,8.1,SK
1601CS24,Palash Sarkar,random66@gmail.com,7.54,SKD
1601CS25,Shibsankar Das,random67@gmail.com,5.84,MA
1601CS26,Amulya Kumar Mahto,random68@gmail.com,9.36,MA
1601CS27,Ram Krishna Verma,random69@gmail.com,7.98,AE
1601CS28,Ritesh Kumar,random70@gmail.com,6.55,RS
1601CS29,Ajeet Kumar,random71@gmail.com,7.31,RM
1601CS30,Rinku Kumar Gouda,random72@gmail.com,9.48,JM
1601CS31,Md Shamim Shah,random73@gmail.com,5.57,ABM
1601CS32,Bathina Chaitanya,random74@gmail.com,9.23,RH
1601CS33,Alok Kumar,random75@gmail.com,8.74,AR
1601CS34,Sreenath P R,random76@gmail.com,6.75,RM2
1601CS35,Biswajyoti Mukherjee,random77@gmail.com,9.43,AR
1601CS36,Gour Mohan Das,random78@gmail.com,5.67,SM
1601CS37,Lagen Kumar Pradhan,random79@gmail.com,9.13,SK
1601CS38,Barun Halder,random80@gmail.com,9.48,ABM
1601CS39,Nilanjan Kundu,random81@gmail.com,8.0,SKM
1601CS40,Prasanna Duley,random82@gmail.com,9.58,SKD
1601CS41,Kartick Chandra Seth,random83@gmail.com,7.23,ST
1601CS42,Mallika Rani Seth,random84@gmail.com,8.79,AE
1601CS43,Soma Seth Duley,random85@gmail.com,6.98,RS
1601CS44,Aditya Keshari,random86@gmail.com,6.75,ST
1601CS45,Ashish Kumar Singh,random87@gmail.com,6.99,RM
1601CS46,Aswin Krishna,random88@gmail.com,5.86,SKD
1601CS47,Ayush Inani,random89@gmail.com,7.52,MA
1601cs48,Devansh Jaiswal,random90@gmail.com,6.6,AM
1601CS53,Riya Sharma,riya53@gmail.com,8.25,CA
1601CS54,Soumya Prakash,soumya54@gmail.com,7.43,AM
1601CS55,Rohit Raj,rohit55@gmail.com,9.61,AE
1601CS56,Divya Patel,divya56@gmail.com,6.84,AM
1601CS57,Ankit Kumar,ankit57@gmail.com,5.93,ABM
