Roll,Name,Email,CGPA,ABM,AE,AM,AR,CA,JC,JM,MA,RH,RM,RM2,RS,SK,SKD,SKM,SM,SS,ST,Allocated
1601CE24,Md Shad Akhtar,random41@gmail.com,9.71,11,3,16,18,7,15,6,5,14,1,9,12,8,10,13,2,4,17,RM
1601CE18,Subhajit Dey,random35@gmail.com,9.69,2,6,8,13,16,5,18,3,4,17,1,9,10,14,12,15,7,11,RM2
1601CB09,August Dubey,random6@gmail.com,9.62,3,18,13,15,16,6,11,17,10,4,5,1,8,12,14,7,9,2,RS
1601CS55,Rohit Raj,rohit55@gmail.com,9.61,5,1,3,2,4,6,8,7,9,10,11,12,13,14,15,16,17,18,AE
1601CS40,Prasanna Duley,random82@gmail.com,9.58,10,14,11,6,7,2,12,17,8,16,18,9,15,1,5,13,4,3,SKD
1601CS15,Neelam,random57@gmail.com,9.53,3,5,12,18,1,13,4,9,17,2,6,7,10,8,16,14,15,11,CA
1601CS21,Sujay Kumar Saha,random63@gmail.com,9.49,4,13,2,14,3,5,15,7,16,9,1,17,11,18,10,6,8,12,AM
1601CS30,Rinku Kumar Gouda,random72@gmail.com,9.48,8,6,3,5,2,14,1,12,17,15,7,18,11,4,10,16,9,13,JM
1601CS38,Barun Halder,random80@gmail.com,9.48,1,18,3,7,13,12,14,8,15,11,6,9,2,16,17,10,5,4,ABM
1601CS07,Niraj Kumar,random49@gmail.com,9.44,17,2,18,8,9,11,1,12,6,15,14,13,16,5,7,4,10,3,ST
1601CS35,Biswajyoti Mukherjee,random77@gmail.com,9.43,17,9,15,2,6,13,7,11,8,16,1,10,18,12,4,3,14,5,AR
1601CE10,Shubhendu Yadav,random29@gmail.com,9.36,13,2,18,7,16,10,14,8,11,15,12,9,3,17,1,6,4,5,SKM
1601CS26,Amulya Kumar Mahto,random68@gmail.com,9.36,13,3,6,5,4,7,8,1,2,11,9,12,14,17,16,15,18,10,MA
1601CS09,Mohammad Irshad,random51@gmail.com,9.34,10,1,14,3,12,13,4,8,18,2,6,16,11,7,9,5,17,15,SM
1601CS03,Vikash Kumar Rai,random45@gmail.com,9.3,2,10,17,11,3,6,14,5,9,1,8,12,13,16,15,18,4,7,SS
1601CE19,Angshuman Das,random36@gmail.com,9.29,10,1,15,7,13,4,11,14,16,3,12,6,2,5,9,8,17,18,SK
1601CE05,Rishabh Shukla,random24@gmail.com,9.26,11,1,14,18,8,2,13,5,9,10,4,12,15,7,16,17,3,6,JC
1601CS32,Bathina Chaitanya,random74@gmail.com,9.23,15,7,3,13,14,10,16,17,12,2,18,11,4,8,5,9,1,6,RH
1601CE02,Nagudala Manoj Kumar,random21@gmail.com,9.15,2,12,5,8,14,6,9,16,17,3,10,15,7,18,1,13,11,4,SKM
1601CS37,Lagen Kumar Pradhan,random79@gmail.com,9.13,10,18,16,17,14,4,11,7,8,9,13,12,2,6,1,5,3,15,SK
1601CB23,Manik Manohar,random18@gmail.com,9.13,7,17,3,5,9,10,4,8,15,1,12,14,2,18,11,16,6,13,RM
1601CB18,Janjarla Rajashekar,random13@gmail.com,9.12,5,4,6,10,13,18,1,14,17,12,11,2,9,7,8,3,16,15,JM
1601CE20,Miss Mukta Shaw,random37@gmail.com,9.12,6,3,8,13,15,18,4,2,7,14,11,10,1,12,17,16,9,5,MA
1601CE04,Rangala Tejeswar Reddy,random23@gmail.com,9.06,12,10,14,16,6,1,18,7,17,11,4,9,13,2,3,8,5,15,JC
1601CE11,Abhishek Sunil Talele,random30@gmail.com,8.96,13,10,3,16,1,4,18,2,5,8,11,17,12,7,15,6,9,14,CA
1601CE06,Saket,random25@gmail.com,8.89,1,15,6,9,18,11,4,3,5,8,7,14,17,2,10,16,12,13,ABM
1601CB16,Chandan Gupta,random11@gmail.com,8.86,12,10,8,9,11,15,3,18,6,13,1,14,16,17,4,2,5,7,RM2
1601CS42,Mallika Rani Seth,random84@gmail.com,8.79,15,1,6,7,3,18,14,16,4,9,12,13,10,5,8,11,17,2,AE
1601CB11,Avinash Kumar,random7@gmail.com,8.77,6,9,1,7,3,8,16,13,5,15,18,10,4,11,12,17,14,2,AM
1601CE22,Anoop Kumar Panday,random39@gmail.com,8.76,17,6,2,16,3,15,7,11,9,10,13,8,1,18,12,14,5,4,ST
1601CS02,Dileep Kumar Koshley,random44@gmail.com,8.75,14,8,4,6,18,1,15,11,17,13,16,12,2,5,10,3,7,9,SM
1601CS33,Alok Kumar,random75@gmail.com,8.74,9,18,3,7,17,4,5,2,16,14,8,13,15,10,6,1,12,11,AR
1601CB20,Jayant Saini,random15@gmail.com,8.72,1,4,11,6,3,15,17,13,10,18,12,16,7,2,9,5,14,8,SKD
1601CB17,Chintha Tejeswar Reddy,random12@gmail.com,8.39,8,5,10,4,18,2,17,1,3,16,14,11,12,15,9,6,7,13,RH
1601CE23,Rajesh Kumar Gautam,random40@gmail.com,8.38,14,11,3,1,18,9,4,16,13,2,6,5,12,10,8,17,7,15,RS
1601CS19,Debi Pada Jana,random61@gmail.com,8.31,4,15,2,1,16,10,7,14,5,13,8,12,17,11,3,18,6,9,SS
1601CS18,Sneha Kumari,random60@gmail.com,8.29,11,5,15,12,10,13,18,4,9,17,1,3,14,16,6,8,2,7,RM2
1601CS53,Riya Sharma,riya53@gmail.com,8.25,3,5,2,6,1,4,8,7,10,9,11,12,13,14,15,16,17,18,CA
1601CS14,Md Akhlaqur Rahman,random56@gmail.com,8.17,17,16,6,7,15,5,1,8,14,9,13,2,3,18,10,11,12,4,JM
1601CS23,Ravindra Kumar,random65@gmail.com,8.1,5,3,2,12,18,17,9,6,14,11,16,13,1,7,4,10,8,15,SK
1601CS10,V Naresh Kumar,random52@gmail.com,8.01,3,13,11,10,8,6,12,4,14,15,1,18,2,5,9,7,16,17,ABM
1601CS39,Nilanjan Kundu,random81@gmail.com,8.0,11,12,3,15,16,6,14,10,13,18,8,7,9,5,1,4,2,17,SKM
1601CB04,Aryasomayajula Mrunal Krishna Sarma,random3@gmail.com,7.98,1,6,16,3,13,12,7,15,4,11,2,5,9,10,18,17,14,8,AR
1601CS27,Ram Krishna Verma,random69@gmail.com,7.98,10,1,13,11,3,18,6,9,16,15,5,8,4,2,7,14,17,12,AE
1601CB19,Jay Bhushan,random14@gmail.com,7.97,8,7,14,3,10,5,4,15,6,13,1,2,16,17,9,18,12,11,RS
1601CS22,Debashis Bhowmik,random64@gmail.com,7.86,8,17,18,11,15,7,14,6,2,12,1,10,4,9,16,3,13,5,RH
1601CE03,Rahul Dilare,random22@gmail.com,7.75,3,7,5,15,17,18,9,6,10,2,11,14,4,16,8,1,13,12,SM
1601CS24,Palash Sarkar,random66@gmail.com,7.54,18,17,14,9,10,6,2,8,15,5,12,16,3,1,7,11,13,4,SKD
1601CS47,Ayush Inani,random89@gmail.com,7.52,11,10,4,18,7,5,2,1,13,6,9,3,15,17,12,8,14,16,MA
1601CS54,Soumya Prakash,soumya54@gmail.com,7.43,1,2,3,4,5,6,7,8,9,10,11,12,13,14,15,16,17,18,AM
1601CS29,Ajeet Kumar,random71@gmail.com,7.31,18,8,9,1,16,14,11,2,4,3,13,5,12,10,17,15,6,7,RM
1601CE09,Shikhar Choudhary,random28@gmail.com,7.31,17,1,6,2,15,10,9,12,11,13,4,14,3,16,18,5,7,8,SS
1601CS12,Chandan Kumar Jha,random54@gmail.com,7.24,18,7,14,6,17,3,1,8,15,13,4,11,5,16,10,9,2,12,JC
1601CS41,Kartick Chandra Seth,random83@gmail.com,7.23,8,16,11,9,14,4,6,2,7,15,3,12,5,1,17,10,13,18,ST
1601CB13,Bhavesh Mendhekar,random9@gmail.com,7.11,2,11,7,12,14,1,3,9,8,13,6,5,4,15,18,17,16,10,JC
1601CE08,Sarim Kamal,random27@gmail.com,7.08,3,11,13,18,5,15,10,8,12,4,2,9,7,1,17,6,14,16,SKD
1601CS45,Ashish Kumar Singh,random87@gmail.com,6.99,14,7,6,2,9,11,10,15,13,1,4,3,16,5,18,8,17,12,RM
1601CS43,Soma Seth Duley,random85@gmail.com,6.98,15,6,17,8,16,5,14,13,9,1,4,2,3,11,7,18,10,12,RS
1601CE13,Vishal Rawat,random32@gmail.com,6.94,11,8,5,13,16,17,18,1,10,6,14,9,12,7,2,3,4,15,MA
1601CE16,Abhimanyu Singh Rathore,random33@gmail.com,6.92,8,12,7,9,3,2,13,17,5,15,6,14,11,18,1,4,16,10,SKM
1601CE25,Roshni Chakraborty,random42@gmail.com,6.91,4,11,13,15,8,14,3,2,12,16,5,10,6,9,18,1,17,7,SM
1601CS56,Divya Patel,divya56@gmail.com,6.84,4,3,1,2,5,6,7,8,9,10,11,12,13,14,15,16,17,18,AM
1601CS05,Sayantan Mitra,random47@gmail.com,6.81,14,1,8,15,5,4,12,7,3,17,18,9,13,10,2,16,11,6,AE
1601CS44,Aditya Keshari,random86@gmail.com,6.75,15,11,2,5,7,4,17,18,14,8,16,13,10,12,1,6,9,3,ST
1601CS34,Sreenath P R,random76@gmail.com,6.75,8,3,10,2,6,12,7,18,17,9,1,4,15,14,11,5,13,16,RM2
1601CB14,Busireddy Venkat Dheeraj Reddy,random10@gmail.com,6.74,1,4,2,13,15,18,7,17,12,3,6,14,16,10,5,9,11,8,ABM
1601CB12,Arjun Bhandare Balachandra,random8@gmail.com,6.74,4,5,2,8,1,14,6,15,7,11,12,3,13,9,10,16,18,17,CA
1601CB03,Amrit Raj,random2@gmail.com,6.73,3,5,12,14,18,1,7,2,8,17,10,15,6,11,4,16,9,13,SK
1601CE01,Mende Akshay,random20@gmail.com,6.67,9,4,11,15,14,17,13,5,18,8,16,10,3,2,1,6,12,7,SS
1601CB22,Karan Kumar Gupta,random17@gmail.com,6.66,14,3,17,6,16,5,10,9,18,2,7,4,11,1,12,8,13,15,AR
1601CS08,Deba Prasad Dash,random50@gmail.com,6.65,1,3,7,14,9,17,4,16,6,11,12,15,10,13,5,8,18,2,JM
1601CB05,Ashish Kumar,random4@gmail.com,6.6,10,15,4,16,11,17,8,12,9,13,3,1,5,6,14,2,18,7,RH
1601cs48,Devansh Jaiswal,random90@gmail.com,6.6,14,7,1,9,2,15,4,11,10,12,5,8,17,13,6,3,16,18,AM
1601CS28,Ritesh Kumar,random70@gmail.com,6.55,13,8,17,5,4,18,7,11,15,3,14,1,16,6,12,10,2,9,RS
1601CS01,Anita Chandra,random43@gmail.com,6.55,8,2,13,15,12,10,17,3,18,7,1,11,4,5,16,14,9,6,RM2
1601CE07,Sanjib Saikia,random26@gmail.com,6.34,5,13,2,4,12,14,10,17,7,16,18,8,9,11,3,15,1,6,SS
1601CS06,Suryakanta Panda,random48@gmail.com,6.32,9,16,11,15,8,13,17,14,6,4,7,5,3,18,1,2,10,12,SKM
1601CS20,Gaurav Sundaram,random62@gmail.com,6.32,18,9,14,1,7,3,4,11,17,5,12,6,13,2,15,16,10,8,AR
1601CS16,Shadab Rabbani,random58@gmail.com,6.29,18,10,3,4,14,2,5,13,7,9,17,12,6,16,1,11,15,8,JC
1601CS04,Sukanta Sen,random46@gmail.com,6.26,13,1,5,11,3,15,4,9,18,12,2,17,10,8,14,6,16,7,AE
1601CB08,Ashish Kumar,random5@gmail.com,6.21,11,10,4,12,8,13,15,16,1,18,7,3,6,14,2,5,9,17,RH
1601CB21,Kandadi Venu Madhava,random16@gmail.com,5.97,6,12,14,10,3,18,11,4,5,15,9,13,8,17,1,16,7,2,ST
1601CS57,Ankit Kumar,ankit57@gmail.com,5.93,2,1,3,5,4,6,7,8,9,10,11,12,13,14,15,16,17,18,ABM
1601CB24,Mantavya Agarwal,random19@gmail.com,5.91,6,16,18,14,7,13,10,12,3,17,9,5,1,4,2,15,8,11,SK
1601CS46,Aswin Krishna,random88@gmail.com,5.86,12,16,8,17,11,10,7,18,3,15,14,1,5,4,6,9,2,13,SKD
1601CS25,Shibsankar Das,random67@gmail.com,5.84,2,6,14,11,17,16,13,4,18,5,10,7,15,3,12,9,8,1,MA
1601CB01,Alok Baranwal,random1@gmail.com,5.81,14,11,6,7,18,16,2,8,12,1,15,5,4,10,9,3,13,17,RM
1601CE21,Khushwant Singh,random38@gmail.com,5.78,11,10,16,4,8,12,2,1,15,14,13,3,5,18,17,7,9,6,JM
1601CS11,Mausam Chouksey,random53@gmail.com,5.76,2,4,16,6,1,5,10,8,15,18,14,3,12,13,11,17,9,7,CA
1601CS36,Gour Mohan Das,random78@gmail.com,5.67,3,8,4,18,10,6,7,2,16,9,1,5,14,15,17,12,13,11,SM
1601CE12,Saurabh Dubey,random31@gmail.com,5.62,3,17,2,10,8,14,16,18,7,5,12,15,6,9,13,11,4,1,AM
1601CS13,Pramit Biswas,random55@gmail.com,5.62,6,4,12,1,15,2,7,17,8,11,10,9,3,16,18,13,5,14,AR
1601CS17,Sushant Kumar,random59@gmail.com,5.62,18,6,11,7,13,10,1,15,3,5,16,4,2,9,12,14,17,8,AE
1601CE17,Anirban Chakraborty,random34@gmail.com,5.57,15,11,4,3,9,1,5,14,17,8,10,12,7,18,13,16,6,2,CA
1601CS31,Md Shamim Shah,random73@gmail.com,5.57,8,12,4,3,14,10,5,1,17,2,6,9,15,13,7,16,18,11,ABM
